12 pm,12 pm
1 Kings,1 Kings
3 am,3 am
Aaron,Aarons
Abagtha,Abagthas
abba,abbas
Abda,Abdas
Abdon,Abdons
Abednego,Abednegos
Abel,Abels
Abel-Meholah,Abel-Meholahs
Abel Beth Maakah,Abels Beth Maakah
Abel Keramim,Abels Keramim
Abel Mizraim,Abels Mizraim
Abi-Albon,Abi-Albons
Abiasaph,Abiasaphs
Abiathar,Abiathars
Abib,Abibs
Abida,Abidas
Abiel,Abiels
Abiezer,Abiezers
Abiezrite,Abiezrites
Abigail,Abigails
Abihail,Abihails
Abihu,Abihus
Abihud,Abihuds
Abijah,Abijahs
Abilene,Abilenes
Abimael,Abimaels
Abimelech,Abimeleches
Abimelek,Abimeleks
Abinadab,Abinadabs
Abinoam,Abinoams
Abishag,Abishags
Abishai,Abishais
Abital,Abitals
Abner,Abners
Abraham,Abrahams
Abram,Abrams
Absalom,Absaloms
Acacia,Acacias
Acbor,Acbors
Achaia,Achaias
Achan,Achans
Achim,Achims
Achish,Achishes
Achor,Achors
Acsah,Acsahs
action,actions
Acts,Acts
Aczib,Aczibs
Adadah,Adadahs
Adah,Adahs
Adaiah,Adaiahs
Adalia,Adalias
Adam,Adams
Adamah,Adamahs
Adami Nekeb,Adamis Nekeb
Adar,Adars
Adbeel,Adbeels
Addar,Addars
Addi,Addis
Addon,Addons
Adin,Adins
Adithaim,Adithaims
Admah,Admahs
Admatha,Admathas
Admin,Admins
Adna,Adnas
Adoni-Bezek,Adoni-Bezeks
Adoni-Zedek,Adoni-Zedeks
Adonijah,Adonijahs
Adonikam,Adonikams
Adoniram,Adonirams
Adriel,Adriels
Adullam,Adullams
adultery,adultery
adviser,advisers
afternoon,afternoons
Agag,Agags
Agagite,Agagites
age,ages
Agee,Agees
agreement,agreements
Agus,Aguses
Ahab,Ahabs
Ahasbai,Ahasbais
Ahaz,Ahazs
Ahiah,Ahiahs
Ahiam,Ahiams
Ahijah,Ahijahs
Ahilud,Ahiluds
Ahimaaz,Ahimaazs
Ahiman,Ahimans
Ahimelek,Ahimeleks
Ahinadab,Ahinadabs
Ahinoam,Ahinoams
Ahio,Ahios
Ahishar,Ahishars
Ahithophel,Ahithophels
Ahitub,Ahitubs
Ahlab,Ahlabs
Ahoh,Ahohs
Ahohi,Ahohis
Ahuzzath,Ahuzzaths
Ahzai,Ahzais
Ai,Ais
Aiah,Aiahs
AIDS,AIDS
Aija,Aijas
Aijalon,Aijalons
Ain,Ains
air,air
Ajani,Ajanis
Akan,Akans
Akbor,Akbors
Akeldama,Akeldamas
Akkad,Akkads
Akko,Akkos
Akkub,Akkubs
Aksah,Aksahs
Akshaph,Akshaphs
Akzib,Akzibs
alabaster,alabaster
alcohol,alcohol
Alex,Alexes
Alexander,Alexanders
Allammelek,Allammeleks
Allon Bakuth,Allons Bakuth
Almodad,Almodads
Almon,Almons
almond,almonds
Aloth,Aloths
Alphaeus,Alphaeuses
altar,altars
Alvah,Alvahs
Alvan,Alvans
Amad,Amads
Amalek,Amaleks
Amalekite,Amalekites
Amam,Amams
Amariah,Amariahs
Amasa,Amasas
Amashsai,Amashsais
Amittai,Amittais
Ammah,Ammahs
Ammiel,Ammiels
Ammihud,Ammihuds
Amminadab,Amminadabs
Ammon,Ammons
Ammonite,Ammonites
Amnon,Amnons
Amok,Amoks
Amon,Amons
Amorite,Amorites
Amos,Amoses
amount,amounts
Amram,Amrams
Amraphel,Amraphels
Amzi,Amzis
Anab,Anabs
Anah,Anahs
Anaharath,Anaharaths
Anaiah,Anaiahs
Anak,Anaks
Anakite,Anakites
Anamite,Anamites
Anan,Anans
Ananiah,Ananiahs
Anath,Anaths
Anathoth,Anathoths
ancestor,ancestors
Ancient of Days,Ancient of Days
Andrew,Andrews
Aner,Aners
angel,angels
anger,anger
Anim,Anims
animal,animals
ankle,ankles
Anna,Annas
Annas,Annases
Anointed One,Anointeds One
answer,answers
Antipas,Antipases
ape,apes
Aphek,Apheks
Aphekah,Aphekahs
Aphekk,Aphekks
Aphiah,Aphiahs
Apollos,Apolloses
apostle,apostles
Apphia,Apphias
April,Aprils
Arab,Arabs
Arabah,Arabahs
Arabia,Arabias
Arad,Arads
Arah,Arahs
Aram,Arams
Aramaic,Aramaics
Aramean,Arameans
Aran,Arans
Ararat,Ararats
Araunah,Araunahs
Arba,Arbas
Arbath,Arbaths
Archelaus,Archelauses
Archippus,Archippuses
Ard,Ards
area,areas
Areli,Arelis
Argob,Argobs
Aridai,Aridais
Aridatha,Aridathas
Arimathea,Arimatheas
Arioch,Arioches
Arisai,Arisais
Aristarchus,Aristarchuses
ark,arks
Arkite,Arkites
ark of the covenant,arks of the covenant
arm,arms
Armoni,Armonis
armor,armor
army,armies
Arni,Arnis
Arnon,Arnons
Arnon Valley,Arnons Valley
Arodi,Arodis
Aroer,Aroers
Arphaxad,Arphaxads
arrow,arrows
Artaxerxes,Artaxerxeses
Artemis,Artemises
Arubboth,Arubboths
Arumah,Arumahs
Arvadite,Arvadites
Asa,Asas
Asahel,Asahels
Asaph,Asaphs
Asenath,Asenaths
ash,ashes
Ashan,Ashans
Ashbel,Ashbels
Ashdod,Ashdods
Asher,Ashers
Asherah,Asherahs
Ashkelon,Ashkelons
Ashkenaz,Ashkenazs
Ashnah,Ashnahs
Ashpenaz,Ashpenazs
Ashtaroth,Ashtaroths
Ashteroth Karnaim,Ashteroths Karnaim
Ashtoreth,Ashtoreths
Ashuri,Ashuris
Ashurite,Ashurites
Aspatha,Aspathas
Asriel,Asriels
Asshur,Asshurs
Assir,Assirs
Assyria,Assyrias
astrologer,astrologers
Atad,Atads
Ataroth,Ataroths
Ataroth Addar,Ataroths Addar
Ater,Aters
Athaiah,Athaiahs
Athak,Athaks
Athens,Athenses
Augustus,Augustuses
authority,authorities
Avian Influenza,Avian Influenza
Avith,Aviths
Avvim,Avvims
Avvite,Avvites
axe,axes
Azaniah,Azaniahs
Azarel,Azarels
Azariah,Azariahs
Azbuk,Azbuks
Azekah,Azekahs
Azgad,Azgads
Azmaveth,Azmaveths
Azmon,Azmons
Aznoth Tabor,Aznoths Tabor
Azor,Azors
Azrikam,Azrikams
Azzur,Azzurs
Baal,Baals
Baal-Hanan,Baal-Hanans
Baalah,Baalahs
Baalath,Baalaths
Baalath Beer,Baalaths Beer
Baal Berith,Baals Berith
Baal Gad,Baals Gad
Baal Hazor,Baals Hazor
Baal Perazim,Baals Perazim
Baal Tamar,Baals Tamar
Baal Zephon,Baals Zephon
Baana,Baanas
Baanah,Baanahs
Babel,Babels
baby,babies
Babylon,Babylons
Babylonia,Babylonias
back,backs
bag,bags
Bahurim,Bahurims
Bakbuk,Bakbuks
Bakbukiah,Bakbukiahs
Balaam,Balaams
Balah,Balahs
Balak,Balaks
bamboo,bamboo
Bamoth Baal,Bamoths Baal
bandage,bandages
Bani,Banis
bank,banks
Baptist,Baptists
bar,bars
Barabbas,Barabbases
Barak,Baraks
Barhum,Barhums
bark,bark
Barkos,Barkoses
barley,barley
barn,barns
Barnabas,Barnabases
Barsabbas,Barsabbases
Bartholomew,Bartholomews
Bartimaeus,Bartimaeuses
Baruch,Baruches
Barzillai,Barzillais
Basemath,Basemaths
Bashan,Bashans
basket,baskets
bathroom,bathrooms
Bathsheba,Bathshebas
battle,battles
battlefield,battlefields
Bazluth,Bazluths
beak,beaks
Bealoth,Bealoths
beam,beams
bean,beans
bear,bears
beard,beards
beast,beasts
Beautiful Land,Beautifuls Land
Bebai,Bebais
Becorath,Becoraths
bed,beds
Bedad,Bedads
bedroom,bedrooms
bee,bees
Beelzebul,Beelzebuls
beer,beer
Beer,Beers
Beer-Lahai-Roi,Beer-Lahai-Rois
Beeri,Beeris
Beeroth,Beeroths
Beersheba,Beershebas
Be Eshtarah,Bes Eshtarah
beginning,beginnings
beka,bekas
Beker,Bekers
Bekorath,Bekoraths
Bela,Belas
believer,believers
Belshazzar,Belshazzars
belt,belts
Belteshazzar,Belteshazzars
Ben-Abinadab,Ben-Abinadabs
Ben-Ammi,Ben-Ammis
Ben-Deker,Ben-Dekers
Ben-Geber,Ben-Gebers
Ben-Hesed,Ben-Heseds
Ben-Hur,Ben-Hurs
Ben-Oni,Ben-Onis
Benaiah,Benaiahs
Bene Berak,Benes Berak
Ben Hinnom,Bens Hinnom
Beninu,Beninus
Benjamin,Benjamins
Benjamite,Benjamites
Beor,Beors
Bera,Beras
Bered,Bereds
Berekiah,Berekiahs
Beriah,Beriahs
Beroth,Beroths
Berothai,Berothais
berry,berries
Besai,Besais
Besodeiah,Besodeiahs
Besor,Besors
Beten,Betens
Beth-Anath,Beth-Anaths
Beth-Barah,Beth-Barahs
Beth-Shan,Beth-Shans
Beth-Shemesh,Beth-Shemeshes
Beth-Shittah,Beth-Shittahs
Beth Anoth,Beths Anoth
Bethany,Bethanies
Beth Arabah,Beths Arabah
Beth Aven,Beths Aven
Beth Azmaveth,Beths Azmaveth
Beth Baal Meon,Beths Baal Meon
Beth Dagon,Beths Dagon
Bethel,Bethels
Beth Emek,Beths Emek
Bethesda,Bethesdas
Beth Gilgal,Beths Gilgal
Beth Hakkerem,Beths Hakkerem
Beth Haram,Beths Haram
Beth Hoglah,Beths Hoglah
Beth Horon,Beths Horon
Beth Jeshimoth,Beths Jeshimoth
Beth Kar,Beths Kar
Beth Lebaoth,Beths Lebaoth
Bethlehem,Bethlehems
Beth Markaboth,Beths Markaboth
Beth Millo,Beths Millo
Beth Nimrah,Beths Nimrah
Beth Pazzez,Beths Pazzez
Beth Pelet,Beths Pelet
Beth Peor,Beths Peor
Bethphage,Bethphages
Beth Rehob,Beths Rehob
Bethsaida,Bethsaidas
Beth Tappuah,Beths Tappuah
Bethuel,Bethuels
Bethul,Bethuls
Beth Zur,Beths Zur
Betonim,Betonims
Bezai,Bezais
Bezek,Bezeks
Bezer,Bezers
Bigtha,Bigthas
Bigthana,Bigthanas
Bigvai,Bigvais
Bikri,Bikris
Bilgah,Bilgahs
Bilgai,Bilgais
Bilhah,Bilhahs
Bilhan,Bilhans
bill,bills
Bilshan,Bilshans
Binnui,Binnuis
bird,birds
Birsha,Birshas
birth,births
birthday,birthdays
Biziothiah,Biziothiahs
Biztha,Bizthas
blade,blades
blanket,blankets
bleach,bleach
block,blocks
blood,blood
Boanerges,Boanergeses
board,boards
boat,boats
Boaz,Boazs
body,bodies
Bohan,Bohans
boil,boils
Bokim,Bokims
bone,bones
book,books
Book of Life,Books of Life
Book of Moses,Books of Moses
book of the annals,books of the annals
Book of the Law,Books of the Law
Book of the Law of God,Books of the Law of God
Book of the Law of Moses,Books of the Law of Moses
Book of Truth,Books of Truth
Bor Ashan,Bors Ashan
border,borders
boss,bosses
bottom,bottoms
bow,bows
bowl,bowls
box,boxes
box treasury,boxes
boy,boys
Bozez,Bozezs
Bozkath,Bozkaths
Bozrah,Bozrahs
bracelet,bracelets
branch,branches
bread,bread
breast,breasts
breast-milk,breast-milk
breastplate,breastplates
brick,bricks
bride,brides
bronze,bronze
brother,brothers
brother-in-law,brother-in-laws
bucket,buckets
building,buildings
Bul,Buls
bull,bulls
Bunni,Bunnis
bush,bushes
butter,butter
Buz,Buzs
Byblos,Bybloses
Cabbon,Cabbons
Caesar,Caesars
Caesarea Philippi,Caesareas Philippi
cage,cages
Caiaphas,Caiaphases
Cain,Cains
Cainan,Cainans
cake,cakes
Calah,Calahs
Caleb,Calebs
calf,calves
Calneh,Calnehs
camel,camels
camp,camps
Cana,Canas
Canaan,Canaans
Canaanite,Canaanites
candle,candles
Capernaum,Capernaums
Caphtorite,Caphtorites
captain,captains
Carcas,Carcases
Carmel,Carmels
Carmi,Carmis
carpenter,carpenters
Carshena,Carshenas
Casluhite,Casluhites
castanet,castanets
cat,cats
cattle,cattle
cave,caves
cave of Adullam,caves of Adullam
cedar,cedar
cemetery,cemeteries
center,centers
centimeter,centimeters
chaff,chaff
chain,chains
chair,chairs
Chaldea,Chaldeas
characteristic,characteristics
chariot,chariots
chasm,chasms
cheek,cheeks
cheese,cheese
Chemosh,Chemoshes
cherub,cherubim
chest,chests
chicken,chickens
chief,chiefs
Chief,Chiefs
child,children
choice,choices
Christ,Christs
Christian,Christians
church,churches
Chuza,Chuzas
Cilicia,Cilicias
circle,circles
citizen,citizens
City of David,Cities
city,cities
City of Salt,Cities
clan,clans
claw,claws
clay,clay
Clement,Clements
Cleopas,Cleopases
cliff,cliffs
clinic,clinics
cloth,cloths
clothes,clothes
cloud,clouds
club,clubs
coat,coats
coffin,coffins
coin,coins
cold,colds
collector tax,collectors
color,colors
Colosse,Colosses
Colossians,Colossians
colt,colts
comb,combs
command,commands
commander,commanders
commandment,commandments
companion,companions
concubine,concubines
condom,condoms
container,containers
copper,copper
copy,copies
cor,cors
corban,corbans
corner,corners
corpse,corpses
Cosam,Cosams
couch,couches
country,countries
courage,courage
court,courts
courtyard,courtyards
cousin,cousins
covenant,covenants
cover,covers
cow,cows
creature,creatures
Crete,Cretes
criminal,criminals
crop,crops
cross,crosses
crowd,crowds
crown,crowns
cub,cubs
cubit,cubits
cup,cups
curtain,curtains
curve,curves
Cush,Cushes
Cushan-Rishathaim,Cushan-Rishathaims
cushion,cushions
custom,customs
cymbal,cymbals
Cyrene,Cyrenes
Cyrus,Cyruses
Dabbesheth,Dabbesheths
Daberath,Daberaths
Dagon,Dagons
Dalmanutha,Dalmanuthas
Dalphon,Dalphons
Damascus,Damascuses
Dan,Dans
Daniel,Daniels
Danite,Danites
Dan Jaan,Dans Jaan
Dannah,Dannahs
Darda,Dardas
Darius,Dariuses
darkness,darknesses
Darkon,Darkons
date,dates
daughter,daughters
daughter-in-law,daughters-in-law
David,Davids
day,days
deacon,deacons
dead,dead
death,deaths
Debir,Debirs
Deborah,Deborahs
debt,debts
Decapolis,Decapolises
decree,decrees
Dedan,Dedans
deer,deer
Delaiah,Delaiahs
Delilah,Delilahs
Demas,Demases
demon,demons
den,dens
denarius,denarii
descendant,descendants
desert,deserts
desert Sinai,deserts
Desert of Beersheba,Deserts of Beersheba
Desert of Beth Aven,Deserts of Beth Aven
Desert of En Gedi,Deserts of En Gedi
Desert of Negev,Deserts of Negev
Desert of Paran,Deserts of Paran
Desert of Zin,Deserts of Zin
Desert of Ziph,Deserts of Ziph
Deuteronomy,Deuteronomies
device,devices
devil,devils
dew,dew
Dibon,Dibons
Diklah,Diklahs
Dilean,Dileans
Dimnah,Dimnahs
Dimonah,Dimonahs
Dinah,Dinahs
Dinhabah,Dinhabahs
dinner,dinners
dirt,dirt
disciple,disciples
disease,diseases
Dishan,Dishans
Dishon,Dishons
distance,distances
diviner,diviners
doctor,doctors
Dodai,Dodais
Dodo,Dodos
Doeg,Doegs
dog,dogs
donkey,donkeys
door,doors
Dor,Dors
Dothan,Dothans
dough,dough
dove,doves
dream,dreams
dress,dresses
drink,drinks
drop,drops
drug,drugs
duck,ducks
Dumah,Dumahs
Dura,Duras
dust,dust
eagle,eagles
ear,ears
earring,earrings
earth,earths
east,east
Ebal,Ebals
Ebed,Ebeds
Ebenezer,Ebenezers
Eber,Ebers
Ebez,Ebezs
Eden,Edens
Eder,Eders
edge,edges
Edom,Edoms
Edomite,Edomites
Edrei,Edreis
egg,eggs
Eglah,Eglahs
Eglon,Eglons
Egypt,Egypts
Egyptian,Egyptians
Ehi,Ehis
Ehud,Ehuds
Ekron,Ekrons
El-Bethel,El-Bethels
El-Elohe-Israel,El-Elohe-Israels
Ela,Elas
Elah,Elahs
Elam,Elams
Elath,Elaths
El Berith,Els Berith
Eldaah,Eldaahs
elder,elders
Eleazar,Eleazars
Elhanan,Elhanans
Eli,Elis
Eliab,Eliabs
Eliada,Eliadas
Eliahba,Eliahbas
Eliakim,Eliakims
Eliam,Eliams
Eliashib,Eliashibs
Eliezer,Eliezers
Elihoreph,Elihorephs
Elihu,Elihus
Elijah,Elijahs
Elika,Elikas
Elim,Elims
Elimelech,Elimeleches
Elioenai,Elioenais
Eliphaz,Eliphazs
Eliphelet,Eliphelets
Elisha,Elishas
Elishah,Elishahs
Elishama,Elishamas
Elisheba,Elishebas
Elishua,Elishuas
Eliud,Eliuds
Elizabeth,Elizabeths
Elkanah,Elkanahs
Elkosh,Elkoshes
Ellasar,Ellasars
Elmadam,Elmadams
Eloi,Elois
Elon,Elons
Elon-Bethhanan,Elon-Bethhanans
El Paran,Els Paran
Eltekeh,Eltekehs
Eltekon,Eltekons
Eltolad,Eltolads
Elul,Eluls
Elzaphan,Elzaphans
Emek Keziz,Emeks Keziz
Emite,Emites
Emmaus,Emmauses
emperor,emperors
Enaim,Enaims
Enam,Enams
enchanter,enchanters
end,ends
Endor,Endors
enemy,enemies
En Gannim,Ens Gannim
En Gedi,Ens Gedi
En Haddah,Ens Haddah
En Hakkore,Ens Hakkore
En Hazor,Ens Hazor
En Mishpat,Ens Mishpat
Enoch,Enoches
Enosh,Enoshes
En Rimmon,Ens Rimmon
En Rogel,Ens Rogel
En Shemesh,Ens Shemesh
En Tappuah,Ens Tappuah
entrance,entrances
Epaphras,Epaphrases
Epaphroditus,Epaphrodituses
Ephah,Ephahs
ephah,ephahs
Epher,Ephers
Ephes Dammim,Epheses
Ephesians,Ephesians
Ephesus,Ephesuses
ephod,ephods
Ephrah,Ephrahs
Ephraim,Ephraims
Ephraimite,Ephraimites
Ephrath,Ephraths
Ephrathah,Ephrathahs
Ephrathite,Ephrathites
Ephron,Ephrons
Er,Ers
Erech,Ereches
Eri,Eris
Esau,Esaus
Esek,Eseks
Eshan,Eshans
Eshban,Eshbans
Eshcol,Eshcols
Eshtaol,Eshtaols
Eshtemoa,Eshtemoas
Eshtemoh,Eshtemohs
Esli,Eslis
Esther,Esthers
Etham,Ethams
Ethan,Ethans
Ethanim,Ethanims
Ether,Ethers
Eth Kazin,Eths Kazin
eunuch,eunuchs
Euodia,Euodias
Euphrates,Euphrateses
Eve,Eves
evening,evenings
event,events
Evi,Evis
ewe,ewes
example,examples
Exodus,Exoduses
expression,expressions
eye,eyes
Ezbon,Ezbons
Ezel,Ezels
Ezem,Ezems
Ezer,Ezers
Ezion Geber,Ezions Geber
Ezra,Ezras
Ezrahite,Ezrahites
face,faces
faith,faith
Falala,Falalas
family,families
famine,famines
fare,fares
farm,farms
farmer,farmers
fat,fat
father,fathers
Father,Fathers
father-in-law,father-in-laws
feast,feasts
Feast of Booths,Feasts of Booths
Feast of Harvest,Feasts of Harvest
Feast of Ingathering,Feasts of Ingathering
Feast of the New Moon,Feasts of the New Moon
Feast of Unleavened Bread,Feasts of Unleavened Bread
feather,feathers
fence,fences
fever,fevers
field,fields
fig,figs
finger,fingers
fire,fires
fish,fish
fisherman,fishermen
fist,fists
flag,flags
flake,flakes
flax,flax
flea,fleas
flesh,flesh
flock,flocks
flood,floods
floor threshing,floors
floor,floors
flour,flour
flower,flowers
flute,flutes
fly,flies
follower,followers
food,food
foot,feet
forehead,foreheads
foreigner,foreigners
foreskin,foreskins
forest,forests
fork,forks
fox,foxes
frame,frames
frankincense,frankincense
friend,friends
frog,frogs
front,fronts
frost,frost
fruit,fruit
fur,fur
furnace,furnaces
future,future
Gaal,Gaals
Gaash,Gaashes
Gabbai,Gabbais
Gabriel,Gabriels
Gad,Gads
Gadara,Gadaras
Gaham,Gahams
Gahar,Gahars
Galal,Galals
Galeed,Galeeds
Galilee,Galilees
Gallim,Gallims
garbage,garbage
garden,gardens
Gareb,Garebs
Gatam,Gatams
Gate Dung,Gates
Gate Fish,Gates
Gate Fountain,Gates
Gate Garbage,Gates
Gate Guard,Gates
Gate Horse,Gates
Gate Inspection,Gates
Gate Jeshanah,Gates
Gate of Ephraim,Gates
Gate Sheep,Gates
Gate Valley,Gates
Gate Water,Gates
gate,gates
Gath,Gaths
Gath Hepher,Gaths Hepher
Gath Rimmon,Gaths Rimmon
Gaza,Gazas
Gazzam,Gazzams
Geba,Gebas
Gebalite,Gebalites
Geber,Gebers
Geder,Geders
Gederah,Gederahs
Gederoth,Gederoths
Gederothaim,Gederothaims
Gedor,Gedors
Ge Harashim,Ges Harashim
Geliloth,Geliloths
gem,gems
genealogy,genealogies
generation,generations
Genesis,Genesises
Gennesaret,Gennesarets
Gentile,Gentiles
Gera,Geras
Gerar,Gerars
Gerasa,Gerasas
Gerasene,Gerasenes
Gergesene,Gergesenes
germ,germs
Gershom,Gershoms
Gershon,Gershons
Geshem,Geshems
Geshur,Geshurs
Geshurite,Geshurites
Gether,Gethers
Gethsemane,Gethsemanes
Gezer,Gezers
ghost,ghosts
Giah,Giahs
giant,giants
Gibbethon,Gibbethons
Gibeah,Gibeahs
Gibeah of God,Gibeahs of God
Gibeath Haaraloth,Gibeaths Haaraloth
Gibeon,Gibeons
Gibeonite,Gibeonites
Giddel,Giddels
Gideon,Gideons
Gidom,Gidoms
gift,gifts
Gihon,Gihons
Gilalai,Gilalais
Gilboa,Gilboas
Gilead,Gileads
Gilgal,Gilgals
Giloh,Gilohs
Ginnethon,Ginnethons
Girgashite,Girgashites
girl,girls
Girzi,Girzis
Gishpa,Gishpas
Gittaim,Gittaims
Gittite,Gittites
glory,glory
Glory of Israel,Glories
glove,gloves
gnat,gnats
goad,goads
goal,goals
goat,goats
Gob,Gobs
God,Gods
God Eternal,Gods
God highest,Gods
god,gods
God Almighty,Gods Almighty
God Most High,Gods Most High
Goiim,Goiims
Golan,Golans
gold,gold
Golgotha,Golgothas
Goliath,Goliaths
Gomer,Gomers
Gomorrah,Gomorrahs
goodness,goodness
Good News,Good News
goods,goods
Goshen,Goshens
gospel,gospels
government,governments
governor,governors
Goyim,Goyims
grace,grace
grain,grain
gram,grams
grandchild,grandchildren
granddaughter,granddaughters
grandfather,grandfathers
grandson,grandsons
grape,grapes
grass,grass
grave,graves
Greater Sidon,Greaters Sidon
Greece,Greeces
Greek,Greeks
groom,grooms
ground,grounds
group,groups
grove olive,groves
guard,guards
guardian-redeemer,guardian-redeemers
guest,guests
Guni,Gunis
Hachmon,Hachmons
Hadad,Hadads
Hadadezer,Hadadezers
Hadashah,Hadashahs
Hadassah,Hadassahs
Hadid,Hadids
Hadoram,Hadorams
Haeleph,Haelephs
Hagaba,Hagabas
Hagar,Hagars
Haggedolim,Haggedolims
Haggi,Haggis
Haggith,Haggiths
hail,hail
hair,hairs
Hakaliah,Hakaliahs
Hakilah,Hakilahs
Hakkoz,Hakkozs
Hakupha,Hakuphas
Halhul,Halhuls
Hali,Halis
Hall of Justice,Halls of Justice
Hallohesh,Halloheshes
Ham,Hams
Haman,Hamans
Hamath,Hamaths
Hamathite,Hamathites
Hammath,Hammaths
Hammedatha,Hammedathas
hammer,hammers
Hammon,Hammons
Hammoth Dor,Hammoths Dor
Hamor,Hamors
Hamul,Hamuls
Hanan,Hanans
Hanani,Hananis
Hananiah,Hananiahs
hand,hands
Hannah,Hannahs
Hannathon,Hannathons
Hanok,Hanoks
Hanun,Hanuns
Hapharaim,Hapharaims
Haran,Harans
Harar,Harars
Harbona,Harbonas
harbor,harbors
Harhaiah,Harhaiahs
Harhur,Harhurs
Harim,Harims
Hariph,Hariphs
Harod,Harods
Harosheth-Haggoyim,Harosheth-Haggoyims
harp,harps
Harsha,Harshas
Harumaph,Harumaphs
Hashabiah,Hashabiahs
Hashabnah,Hashabnahs
Hashabneiah,Hashabneiahs
Hashbaddanah,Hashbaddanahs
Hashum,Hashums
Hassenaah,Hassenaahs
Hassenuah,Hassenuahs
Hasshub,Hasshubs
Hasupha,Hasuphas
hat,hats
Hathach,Hathaches
Hatipha,Hatiphas
Hatita,Hatitas
Hattil,Hattils
Hattush,Hattushes
Havilah,Havilahs
Havvoth Jair,Havvoths Jair
Hazaiah,Hazaiahs
Hazar Gaddah,Hazars Gaddah
Hazarmaveth,Hazarmaveths
Hazar Shual,Hazars Shual
Hazar Susah,Hazars Susah
Hazezon Tamar,Hazezons Tamar
Hazo,Hazos
Hazor,Hazors
Hazor Hadattah,Hazors Hadattah
head,heads
heart,hearts
heaven,heavens
Heber,Hebers
Hebrew,Hebrews
Hebron,Hebrons
hectare,hectares
heel,heels
Hegai,Hegais
height,heights
Helam,Helams
Helbah,Helbahs
Heled,Heleds
Helek,Heleks
Heleph,Helephs
Helez,Helezs
Heli,Helis
Helkai,Helkais
Helkath,Helkaths
Helkath Hazzurim,Helkaths Hazzurim
hell,hells
helmet,helmets
Heman,Hemans
Hemdan,Hemdans
Henadad,Henadads
Hepher,Hephers
herald,heralds
herb,herbs
herd,herds
Heres,Hereses
Hereth,Hereths
Herod,Herods
Herodias,Herodiases
Heshbon,Heshbons
Heshmon,Heshmons
Heth,Heths
Hezekiah,Hezekiahs
Hezir,Hezirs
Hezro,Hezros
Hezron,Hezrons
Hiddai,Hiddais
Hierapolis,Hierapolises
Hilkiah,Hilkiahs
Hill of Ophel,Hills
hill,hills
Hillel,Hillels
hip,hips
Hirah,Hirahs
Hiram,Hirams
history,histories
Hittite,Hittites
HIV,HIV
Hivite,Hivites
Hobab,Hobabs
Hobah,Hobahs
Hobaiah,Hobaiahs
Hodaviah,Hodaviahs
Hodiah,Hodiahs
Hoglah,Hoglahs
Hoham,Hohams
hole,holes
holiday,holidays
Holon,Holons
Holy Place,Holies
Holy Spirit,Holies
Homam,Homams
honey,honey
honor,honor
hope,hope
Hophni,Hophnis
Horam,Horams
Horeb,Horebs
Horem,Horems
Horesh,Horeshes
Hori,Horis
Horite,Horites
Hormah,Hormahs
horn,horns
hornet,hornets
Horon,Horons
Horonaim,Horonaims
horse,horses
Hosah,Hosahs
Hosanna,Hosannas
Hosea,Hoseas
Hoshaiah,Hoshaiahs
Hoshea,Hosheas
hour,hours
house,houses
House of the Forest of Lebanon,Houses of the Forest of Lebanon
Hukkok,Hukkoks
Hul,Huls
human,humans
Humtah,Humtahs
Huppim,Huppims
Hur,Hurs
husband,husbands
Hushah,Hushahs
Hushai,Hushais
Husham,Hushams
Hushath,Hushaths
Hushim,Hushims
hymn,hymns
hypocrite,hypocrites
I AM,Is AM
Ibhar,Ibhars
Ibleam,Ibleams
Ibzan,Ibzans
ice,ice
Ichabod,Ichabods
Idalah,Idalahs
Iddo,Iddos
idea,ideas
idol,idols
Idumea,Idumeas
Igal,Igals
Iim,Iims
Ikkesh,Ikkeshes
Ilym,Ilyms
image,images
Immanuel,Immanuels
Immer,Immers
Imnah,Imnahs
Imri,Imris
incense,incenses
inch,inches
India,Indias
Iniko,Inikos
injury,injuries
inn,inns
insect,insects
inside,insides
instruction,instructions
instrument,instruments
intestine,intestines
Iphtah,Iphtahs
Ira,Iras
Irad,Irads
Iram,Irams
iron,iron
Iron,Irons
Irpeel,Irpeels
Ir Shemesh,Irs Shemesh
Isaac,Isaacs
Isaiah,Isaiahs
Isak,Isaks
Iscah,Iscahs
Ish-Bosheth,Ish-Bosheths
Ishbak,Ishbaks
Ishbi-Benob,Ishbi-Benobs
Ishmael,Ishmaels
Ishmaelite,Ishmaelites
Ishvah,Ishvahs
Ishvi,Ishvis
island,islands
Israel,Israels
Israelite,Israelites
Issachar,Issachars
it,its
Ithai,Ithais
Ithamar,Ithamars
Ithiel,Ithiels
Ithlah,Ithlahs
Ithnan,Ithnans
Ithran,Ithrans
Ithream,Ithreams
Ittai,Ittais
Iturea,Itureas
ivory,ivory
Izhar,Izhars
Jaala,Jaalas
Jabal,Jabals
Jabbok,Jabboks
Jabesh,Jabeshes
Jabesh Gilead,Jabeshes
Jabin,Jabins
Jabneel,Jabneels
Jacob,Jacobs
Jaddu,Jaddus
Jaddua,Jadduas
Jadon,Jadons
Jael,Jaels
Jagur,Jagurs
Jahaz,Jahazs
Jahleel,Jahleels
Jahziel,Jahziels
Jair,Jairs
Jairus,Jairuses
Jakin,Jakins
Jalam,Jalams
James,Jameses
Jamin,Jamins
Janet,Janets
Janim,Janims
Jannai,Jannais
Janoah,Janoahs
Japheth,Japheths
Japhia,Japhias
Japhletite,Japhletites
jar,jars
Jared,Jareds
Jarmuth,Jarmuths
Jashar,Jashars
Jashen,Jashens
Jashub,Jashubs
Jattir,Jattirs
Javan,Javans
jaw,jaws
Jazar,Jazars
Jazer,Jazers
Jebusite,Jebusites
Jeconiah,Jeconiahs
Jedaiah,Jedaiahs
Jedidiah,Jedidiahs
Jeduthun,Jeduthuns
Jegar Sahadutha,Jegars Sahadutha
Jehohanan,Jehohanans
Jehoiachin,Jehoiachins
Jehoiada,Jehoiadas
Jehoiakim,Jehoiakims
Jehonathan,Jehonathans
Jehoram,Jehorams
Jehoshaphat,Jehoshaphats
Jehovah Nissi,Jehovahs Nissi
Jehud,Jehuds
Jekabzeel,Jekabzeels
Jemuel,Jemuels
Jephthah,Jephthahs
Jephunneh,Jephunnehs
Jerah,Jerahs
Jerahmeel,Jerahmeels
Jerahmeelite,Jerahmeelites
Jeremiah,Jeremiahs
Jericho,Jerichos
Jeroham,Jerohams
Jerub-Baal,Jerub-Baals
Jerub-Besheth,Jerub-Besheths
Jerusalem,Jerusalems
Jeshaiah,Jeshaiahs
Jeshimon,Jeshimons
Jeshua,Jeshuas
Jesse,Jesses
Jesus,Jesuses
Jesus-Barabbas,Jesus-Barabbases
Jether,Jethers
Jetheth,Jetheths
Jethro,Jethros
Jetur,Jeturs
Jeush,Jeushes
Jew,Jews
jewel,jewels
jewelry,jewelry
Jezebel,Jezebels
Jezer,Jezers
Jezrahiah,Jezrahiahs
Jezreel,Jezreels
Jidlaph,Jidlaphs
Joab,Joabs
Joanan,Joanans
Joanna,Joannas
Joash,Joashes
job,jobs
Jobab,Jobabs
Jochebed,Jochebeds
Joda,Jodas
Joed,Joeds
Joel,Joels
Jogbehah,Jogbehahs
Johanan,Johanans
John,Johns
Joiada,Joiadas
Joiakim,Joiakims
Joiarib,Joiaribs
Jokdeam,Jokdeams
joke,jokes
Jokmeam,Jokmeams
Jokneam,Jokneams
Jokshan,Jokshans
Joktan,Joktans
Joktheel,Joktheels
Jonadab,Jonadabs
Jonah,Jonahs
Jonam,Jonams
Jonathan,Jonathans
Joppa,Joppas
Joram,Jorams
Jordan,Jordans
Jordan Valley,Jordans Valley
Jorim,Jorims
Josech,Joseches
Joseph,Josephs
Josheb-Basshebeth,Josheb-Basshebeths
Joshua,Joshuas
Josiah,Josiahs
Jotham,Jothams
joy,joy
Jozabad,Jozabads
Jozadak,Jozadaks
Jubal,Jubals
Judah,Judahs
Judas,Judases
Judas Iscariot,Judases
Judea,Judeas
judge,judges
Judges,Judgeses
Judith,Judiths
Jumoke,Jumokes
June,Junes
justice,justice
Justus,Justuses
Juttah,Juttahs
Kabbon,Kabbons
Kabul,Kabuls
Kabzeel,Kabzeels
Kadesh,Kadeshes
Kadesh Barnea,Kadeshes
Kadmiel,Kadmiels
Kadmonite,Kadmonites
Kain,Kains
Kalkol,Kalkols
Kallai,Kallais
Kamon,Kamons
Kanah,Kanahs
Kande,Kandes
Karka,Karkas
Karkor,Karkors
Karmi,Karmis
Kartah,Kartahs
Kartan,Kartans
Kattath,Kattaths
Kedar,Kedars
Kedemah,Kedemahs
Kedemoth,Kedemoths
Kedesh,Kedeshes
Kedorlaomer,Kedorlaomers
Keilah,Keilahs
Kelita,Kelitas
Kemuel,Kemuels
Kenan,Kenans
Kenani,Kenanis
Kenaz,Kenazs
Kenite,Kenites
Kenizzite,Kenizzites
Kephar Ammoni,Kephars Ammoni
Kephirah,Kephirahs
Keran,Kerans
Kereth,Kereths
Kerethite,Kerethites
Kerioth Hezron,Kerioths Hezron
Keros,Keroses
Kerub,Kerubs
Kesed,Keseds
Kesil,Kesils
Kesulloth,Kesulloths
Keturah,Keturahs
key,keys
Kezib,Kezibs
Kibzaim,Kibzaims
Kileab,Kileabs
Kilion,Kilions
kilogram,kilograms
kilometer,kilometers
Kimham,Kimhams
Kinah,Kinahs
kind,kinds
king,kings
King,Kings
kingdom,kingdoms
Kinnereth,Kinnereths
Kiriath,Kiriaths
Kiriath-Arba,Kiriath-Arbas
Kiriath-Sepher,Kiriath-Sephers
Kiriathaim,Kiriathaims
Kiriath Baal,Kiriaths Baal
Kiriath Jearim,Kiriaths Jearim
Kiriath Sannah,Kiriaths Sannah
Kish,Kishes
Kishion,Kishions
Kishon,Kishons
Kislev,Kislevs
Kisloth Tabor,Kisloths Tabor
Kitlish,Kitlishes
Kitron,Kitrons
Kittite,Kittites
knee,knees
knife,knives
knowledge,knowledge
Kohath,Kohaths
Kol-Hozeh,Kol-Hozehs
Kolaiah,Kolaiahs
Korah,Korahs
Korazin,Korazins
Kue,Kues
Laban,Labans
Lachish,Lachishes
ladder,ladders
Lahmas,Lahmases
Laish,Laishes
lake,lakes
Lake Galilee,Lakes Galilee
Lakkum,Lakkums
lamb,lambs
Lamech,Lameches
lamp,lamps
land,land
language,languages
Laodicea,Laodiceas
Lappidoth,Lappidoths
Lasha,Lashas
Lasharon,Lasharons
law,laws
Law,Laws
lawyer,lawyers
Lazarus,Lazaruses
lead,lead
leader,leaders
leaf,leaves
Leah,Leahs
leather,leather
Lebana,Lebanas
Lebanon,Lebanons
Lebanon Valley,Lebanons Valley
Lebaoth,Lebaoths
Lebo-Hamath,Lebo-Hamaths
Lebonah,Lebonahs
leg,legs
Legion,Legions
Lehabite,Lehabites
Lehi,Lehis
leopard,leopards
leprosy,leprosy
Leshem,Leshems
lesson,lessons
letter,letters
Letush,Letushes
Letushite,Letushites
Leum,Leums
Leummite,Leummites
Levi,Levis
Levite,Levites
Leviticus,Leviticuses
Libnah,Libnahs
Libni,Libnis
Libya,Libyas
life,lives
ligament,ligaments
light,lights
lightning,lightning
lily,lilies
line,lines
linen,linen
lion,lions
lip,lips
liquid,liquids
list,lists
liter,liters
livestock,livestock
load,loads
loaf,loaves
locust,locusts
Lod,Lods
Lo Debar,Los Debar
Lord,Lords
LORD,LORDs
lord,lords
LORD Almighty,LORDs Almighty
lot,lots
Lot,Lots
Lotan,Lotans
love,love
Lower Beth Horon,Lowers Beth Horon
Lud,Luds
Ludite,Ludites
Luke,Lukes
Luz,Luzs
lyre,lyres
Lysanias,Lysaniases
Maacah,Maacahs
Maai,Maais
Maakah,Maakahs
Maarath,Maaraths
Maaseiah,Maaseiahs
Maath,Maaths
Maaziah,Maaziahs
Macedonia,Macedonias
machine,machines
Machpelah,Machpelahs
Madai,Madais
Madmannah,Madmannahs
Madon,Madons
Magdalene,Magdalenes
Magdiel,Magdiels
maggot,maggots
magic,magic
magician,magicians
Magog,Magogs
Magpiash,Magpiashes
Mahalalel,Mahalalels
Mahalath,Mahalaths
Mahanaim,Mahanaims
Mahaneh Dan,Mahanehs Dan
Maharai,Maharais
Mahlah,Mahlahs
Mahli,Mahlis
Mahlon,Mahlons
Mahol,Mahols
Makaz,Makazs
Makir,Makirs
Makkedah,Makkedahs
Malkiel,Malkiels
Malkijah,Malkijahs
Malki Shua,Malkis Shua
Malluk,Malluks
Mamre,Mamres
man,men
Manahath,Manahaths
Manasseh,Manassehs
manger,mangers
manna,manna
Manoah,Manoahs
manure,manure
manuscript,manuscripts
Maok,Maoks
Maon,Maons
Maonite,Maonites
Mara,Maras
Marah,Marahs
Maralah,Maralahs
marble,marble
March,Marches
Mareshah,Mareshahs
mark,marks
Mark,Marks
market,markets
marriage,marriages
Marsena,Marsenas
Martha,Marthas
Mary,Maries
Mary Magdalene,Maries
Masrekah,Masrekahs
Massa,Massas
Massah,Massahs
master,masters
mat,mats
mate,mates
Matred,Matreds
Matri,Matris
Mattaniah,Mattaniahs
Mattatha,Mattathas
Mattathias,Mattathiases
Mattenai,Mattenais
Matthan,Matthans
Matthat,Matthats
Matthew,Matthews
Matthias,Matthiases
Mattithiah,Mattithiahs
Me-Zahab,Me-Zahabs
meal,meals
meaning,meanings
meat,meat
Medan,Medans
Medeba,Medebas
Media,Medias
medicine,medicine
Mediterranean,Mediterraneans
meeting,meetings
Megiddo,Megiddos
Mehetabel,Mehetabels
Mehida,Mehidas
Meholah,Meholahs
Mehujael,Mehujaels
Mehuman,Mehumans
Me Jarkon,Mes Jarkon
Mekonah,Mekonahs
Melatiah,Melatiahs
Melchi,Melchis
Melchizedek,Melchizedeks
Melea,Meleas
Melissa,Melissas
Memukan,Memukans
Mene,Mene
Menna,Mennas
Mephaath,Mephaaths
Mephibosheth,Mephibosheths
Merab,Merabs
Meraiah,Meraiahs
Meraioth,Meraioths
Merar,Merars
Merari,Meraris
merchandise,merchandise
merchant,merchants
mercy,mercy
Meremoth,Meremoths
Meres,Mereses
Meribah,Meribahs
Meronoth,Meronoths
Meroz,Merozs
Mesha,Meshas
Meshach,Meshaches
Meshech,Mesheches
Meshezabel,Meshezabels
Meshillemoth,Meshillemoths
Meshullam,Meshullams
Mesopotamia,Mesopotamias
message,messages
messenger,messengers
Messiah,Messiahs
metal,metal
meter,meters
Metheg Ammah,Methegs Ammah
Methuselah,Methuselahs
Methushael,Methushaels
Meunim,Meunims
Mibsam,Mibsams
Mibzar,Mibzars
Micah,Micahs
Micaiah,Micaiahs
Michael,Michaels
Michal,Michals
Middin,Middins
middle,middles
Midian,Midians
Midianite,Midianites
midnight,midnight
Migdal-Eder,Migdal-Eders
Migdal El,Migdals El
Migdal Gad,Migdals Gad
Migdol,Migdols
Migron,Migrons
Mijamin,Mijamins
Mika,Mikas
Mikmash,Mikmashes
Mikmethath,Mikmethaths
Milalai,Milalais
Milcah,Milcahs
mile,miles
milk,milk
Milkah,Milkahs
Millo,Millos
mina,minas
mind,minds
Miniamin,Miniamins
Minnith,Minniths
minute,minutes
miracle,miracles
Miriam,Miriams
Mishael,Mishaels
Mishal,Mishals
Mishma,Mishmas
Mispereth,Mispereths
Misrephoth Maim,Misrephoths Maim
mistake,mistakes
Mizpah,Mizpahs
Mizraim,Mizraims
Mizzah,Mizzahs
Moab,Moabs
Moabite,Moabites
Moadiah,Moadiahs
Moladah,Moladahs
money,money
month,months
moon,moons
Mordecai,Mordecais
Moreh,Morehs
Moriah,Moriahs
morning,mornings
mortar,mortar
Moses,Moseses
Most Holy Place,Mosts Holy Place
moth,moths
mother,mothers
mother-in-law,mothers-in-law
motive,motives
Mount Adummim,Mounts Adummim
mountain,mountains
Mount Baal-Hermon,Mounts Baal-Hermon
Mount Baalah,Mounts Baalah
Mount Carmel,Mounts Carmel
Mount Ebal,Mounts Ebal
Mount Edom,Mounts Edom
Mount Ephron,Mounts Ephron
Mount Gaash,Mounts Gaash
Mount Gerizim,Mounts Gerizim
Mount Gilboa,Mounts Gilboa
Mount Gilead,Mounts Gilead
Mount Halak,Mounts Halak
Mount Hermon,Mounts Hermon
Mount Horeb,Mounts Horeb
Mount Jearim,Mounts Jearim
Mount Kesalon,Mounts Kesalon
Mount of Olives,Mounts of Olives
Mount Pisgah,Mounts Pisgah
Mount Seir,Mounts Seir
Mount Sinai,Mounts Sinai
Mount Tabor,Mounts Tabor
Mount Zalmon,Mounts Zalmon
Mount Zion,Mounts Zion
mouth,mouths
Mozah,Mozahs
mule,mules
Muppim,Muppims
muscle,muscles
Mushi,Mushis
music,music
myrrh,myrrh
mystery,mysteries
Naamah,Naamahs
Naaman,Naamans
Naarah,Naarahs
Nabal,Nabals
Nadab,Nadabs
Naggai,Naggais
Nahalal,Nahalals
Nahalol,Nahalols
Nahamani,Nahamanis
Naharai,Naharais
Nahash,Nahashes
Nahath,Nahaths
Nahor,Nahors
Nahshon,Nahshons
Nahum,Nahums
nail,nails
Nain,Nains
Naioth,Naioths
Nakon,Nakons
name,names
Nano,Nanos
Naomi,Naomis
Naphish,Naphishes
Naphoth,Naphoths
Naphoth Dor,Naphoths Dor
Naphtali,Naphtalis
Naphtuhite,Naphtuhites
nard,nards
Nathan,Nathans
nation,nations
Nazareth,Nazareths
Nazirite,Nazirites
Neah,Neahs
Nebai,Nebais
Nebaioth,Nebaioths
Neballat,Neballats
Nebo,Nebos
Nebuchadnezzar,Nebuchadnezzars
neck,necks
necklace,necklaces
needle,needles
Negev,Negevs
Nehemiah,Nehemiahs
Nehum,Nehums
Neiel,Neiels
neighbor,neighbors
Nekoda,Nekodas
Nepheg,Nephegs
nephew,nephews
Nephilim,Nephilim
Nephtoah,Nephtoahs
Nephusim,Nephusims
Ner,Ners
Neri,Neris
nerve,nerves
nest,nests
net,nets
Nethanel,Nethanels
Netophah,Netophahs
Netophath,Netophaths
Netty,Netties
New Moon,New Moon
news,news
Neziah,Neziahs
Nezib,Nezibs
Nibshan,Nibshans
Nicopolis,Nicopolises
night,nights
Nile,Niles
Nimrod,Nimrods
Nina,Ninas
Nineveh,Ninevehs
Nisan,Nisans
Noadiah,Noadiahs
Noah,Noahs
Nob,Nobs
Nobah,Nobahs
Nod,Nods
noise,noises
noon,noon
north,north
nose,noses
November,Novembers
number,numbers
Nun,Nuns
nurse,nurses
Nympha,Nymphas
oath,oaths
Obadiah,Obadiahs
Obal,Obals
Obed,Obeds
Obed-Edom,Obed-Edoms
object,objects
ocean,oceans
offering,offerings
offering burnt,offerings
offering drink,offerings
offering fellowship,offerings
offering food,offerings
offering grain,offerings
offering sin,offerings
office,offices
officer,officers
official,officials
Og,Ogs
Ohad,Ohads
Oholibamah,Oholibamahs
oil,oil
oil olive,oil
olive,olives
Omar,Omars
omer,omers
On,Ons
Onam,Onams
Onan,Onans
Onesimus,Onesimuses
Ono,Onos
onyx,onyx
Ophel,Ophels
Ophir,Ophirs
Ophni,Ophnis
Ophrah,Ophrahs
opinion,opinions
opponent,opponents
Oreb,Orebs
organ,organs
organization,organizations
Orpah,Orpahs
orphan,orphans
Othniel,Othniels
ounce,ounces
outside,outsides
oven,ovens
overseer,overseers
owner,owners
ox,oxen
Paarai,Paarais
Paddan Aram,Paddans Aram
Padon,Padons
Pahath-Moab,Pahath-Moabs
pain,pains
palace,palaces
Palace of the Forest of Lebanon,Palaces of the Forest of Lebanon
Palal,Palals
Pallu,Pallus
palm,palms
Palti,Paltis
Paltiel,Paltiels
parable,parables
Parah,Parahs
Paran,Parans
parent,parents
Parmashta,Parmashtas
Parosh,Paroshes
Parshandatha,Parshandathas
Parsin,Parsins
part,parts
party,parties
Paruah,Paruahs
Pas Dammim,Pases
Paseah,Paseahs
Pashhur,Pashhurs
Pass Scorpion,Passes
Passhur,Passhurs
Pass of Adummim,Passes
Passover,Passovers
pastor,pastors
pasture,pastures
path,paths
Pathrusite,Pathrusites
Pau,Paus
Paul,Pauls
Paulus,Pauluses
payment,payments
pea,peas
peace,peace
peacock,peacocks
pearl,pearls
Pedaiah,Pedaiahs
Pelaiah,Pelaiahs
Pelaliah,Pelaliahs
Pelatiah,Pelatiahs
Peleg,Pelegs
Peleth,Peleths
Pelethite,Pelethites
pen,pens
Peniel,Peniels
Peninnah,Peninnahs
penny,pennies
Peor,Peors
Peres,Peres
Perez,Perezs
Perez Uzzah,Perezs Uzzah
perfume,perfumes
Perida,Peridas
period,periods
Perizzite,Perizzites
Persia,Persias
person,people
Peter,Peters
Pethahiah,Pethahiahs
Phanuel,Phanuels
Pharisee,Pharisees
Phicol,Phicols
Philemon,Philemons
Philip,Philips
Philippi,Philippis
Philippians,Philippians
Philistia,Philistias
Philistine,Philistines
Phinehas,Phinehases
Phoenician,Phoenicians
pick,picks
picture,pictures
piece,pieces
pig,pigs
pigeon,pigeons
Pi Hahiroth,Pis Hahiroth
Pilate,Pilates
Pildash,Pildashes
pile,piles
Pilha,Pilhas
pillar,pillars
Piltai,Piltais
Pinon,Pinons
Piram,Pirams
Pirathon,Pirathons
Pisgah,Pisgahs
Pishon,Pishons
pistachio,pistachios
pit,pits
pitcher,pitchers
pitchfork,pitchforks
Pithom,Pithoms
pity,pity
place,places
plain,plains
plain of Ono,plains
plan,plans
plant,plants
plant hyssop,plants
plant mandrake,plants
plastic,plastic
plate,plates
platter,platters
plow,plows
pocket,pockets
point,points
Pokereth-Hazzebaim,Pokereth-Hazzebaims
pole,poles
pomegranate,pomegranates
pond,ponds
Pontius Pilate,Pontiuses
Pool of Siloam,Pools
pool,pools
Poratha,Porathas
porch,porches
possession,possessions
post,posts
pot,pots
Potiphar,Potiphars
Potiphera,Potipheras
pound,pounds
power,power
Praetorium,Praetoriums
prayer,prayers
price,prices
priest,priests
prince,princes
Prince of princes,Princes of princes
princess,princesses
prison,prisons
prisoner,prisoners
prize,prizes
problem,problems
promise,promises
property,properties
prophet,prophets
prostitute,prostitutes
province,provinces
Psalms,Psalms
Puah,Puahs
Pur,Purs
Purah,Purahs
Purim,Purims
purpose,purposes
purse,purses
pus,pus
Put,Puts
Putiel,Putiels
quail,quails
quart,quarts
queen,queens
Queen,Queens
question,questions
Quirinius,Quiriniuses
Raamah,Raamahs
Raamiah,Raamiahs
Rabbah,Rabbahs
rabbi,rabbis
Rabbith,Rabbiths
raca,racas
race,races
Rachel,Rachels
Rahab,Rahabs
rain,rain
rainbow,rainbows
raisin,raisins
Rakal,Rakals
Rakkath,Rakkaths
Rakkon,Rakkons
Ram,Rams
ram,rams
Ramah,Ramahs
Ramathaim,Ramathaims
Ramath Lehi,Ramaths Lehi
Ramath Mizpah,Ramaths Mizpah
Rameses,Rameseses
Ramoth,Ramoths
Ramoth Negev,Ramoths Negev
Rapha,Raphas
rat,rats
rattle,rattles
raven,ravens
Reaiah,Reaiahs
reason,reasons
Reba,Rebas
Rebekah,Rebekahs
rebel,rebels
reed,reeds
region,regions
region of Akzib,regions of Akzib
Rehob,Rehobs
Rehoboam,Rehoboams
Rehoboth,Rehoboths
Rehoboth Ir,Rehoboths Ir
Rehum,Rehums
Rekab,Rekabs
Rekem,Rekems
relationship,relationships
relative,relatives
religion,religions
Remeth,Remeths
Rephaiah,Rephaiahs
Rephaite,Rephaites
Rephidim,Rephidims
report,reports
representative,representatives
Resen,Resens
resurrection,resurrections
Reu,Reus
Reuben,Reubens
Reuel,Reuels
Reumah,Reumahs
reward,rewards
Rezin,Rezins
Rhesa,Rhesas
rib,ribs
Ribai,Ribais
right,rights
righteousness,righteousness
Rimmon,Rimmons
ring,rings
ring nose,rings
Riphath,Riphaths
River Arnon,Rivers
River Euphrates,Rivers
River Jabbok,Rivers
River Jordan,Rivers
River Shihor,Rivers
river,rivers
River Nile,Rivers
Rizpah,Rizpahs
road,roads
robe,robes
Rock,Rocks
Rodanite,Rodanites
Rogelim,Rogelims
Rome,Romes
roof,roofs
room,rooms
rooster,roosters
root,roots
rope,ropes
Rosh,Roshes
row,rows
Rufus,Rufuses
rule,rules
ruler,rulers
Ruth,Ruths
Sabbath,Sabbaths
Sabtah,Sabtahs
Sabteca,Sabtecas
sackcloth,sackcloths
sacrifice,sacrifices
saddle,saddles
Sadducee,Sadducees
saint,saints
Salekah,Salekahs
Salem,Salems
saliva,saliva
Sallei,Salleis
Sallu,Sallus
Salmon,Salmons
Salome,Salomes
salt,salt
salvation,salvation
Samaria,Samarias
Samaritan,Samaritans
Samlah,Samlahs
Samson,Samsons
Samuel,Samuels
Sanballat,Sanballats
sand,sand
sandal,sandals
Sanhedrin,Sanhedrins
Sansannah,Sansannahs
Saph,Saphs
Sarah,Sarahs
Sarai,Sarais
Sarid,Sarids
Satan,Satans
Saul,Sauls
Savior,Saviors
saw,saws
scepter,scepters
school,schools
scorpion,scorpions
Scribe,Scribes
scripture,scriptures
scroll,scrolls
Sea Dead,Seas
Sea Mediterranean,Seas
Sea Red,Seas
sea,seas
seal,seals
Sea of Arabah,Seas of Arabah
Sea of Galilee,Seas of Galilee
season,seasons
seat,seats
Seba,Sebas
second,seconds
secret,secrets
secretary,secretaries
seed,seeds
seed coriander,seeds
seed mustard,seeds
Seir,Seirs
Seirah,Seirahs
Sekakah,Sekakahs
Seku,Sekus
Sela,Selas
Sela Hammahlekoth,Selas Hammahlekoth
Semein,Semeins
semen,semen
Senaah,Senaahs
Seneh,Senehs
Sephar,Sephars
Serah,Serahs
Seraiah,Seraiahs
Sered,Sereds
Serug,Serugs
servant,servants
set,sets
Seth,Seths
Shaalabbin,Shaalabbins
Shaalbim,Shaalbims
Shaalbon,Shaalbons
Shaalim,Shaalims
Shaaraim,Shaaraims
Shaashgaz,Shaashgazs
Shabbethai,Shabbethais
shadow,shadows
Shadrach,Shadraches
Shahazumah,Shahazumahs
Shalisha,Shalishas
Shallum,Shallums
Shallun,Shalluns
Shalmai,Shalmais
Shamgar,Shamgars
Shamir,Shamirs
Shammah,Shammahs
Shammua,Shammuas
shape,shapes
Sharar,Sharars
Sharuhen,Sharuhens
Shaul,Shauls
Shaveh,Shavehs
Shaveh Kiriathaim,Shavehs Kiriathaim
shawl,shawls
sheaf,sheaves
Shealtiel,Shealtiels
Sheba,Shebas
Shebaniah,Shebaniahs
Shechem,Shechems
sheep,sheep
sheet,sheets
Shekaniah,Shekaniahs
shekel,shekels
Shelah,Shelahs
Shelemiah,Shelemiahs
Sheleph,Shelephs
shell,shells
Shell Publishing,Shells Publishing
shelter,shelters
Shem,Shems
Shema,Shemas
Shemaiah,Shemaiahs
Shemeber,Shemebers
Shemida,Shemidas
Shen,Shens
Shephatiah,Shephatiahs
shepherd,shepherds
Shepho,Shephos
Sherebiah,Sherebiahs
Sheshai,Sheshais
Shethar,Shethars
Sheva,Shevas
Shibah,Shibahs
Shibboleth,Shibboleths
shield,shields
Shihor Libnath,Shihors Libnath
Shikkeron,Shikkerons
Shilhim,Shilhims
Shillem,Shillems
Shiloh,Shilohs
Shimeah,Shimeahs
Shimei,Shimeis
Shimron,Shimrons
Shimron Meron,Shimrons Meron
Shinab,Shinabs
Shinar,Shinars
Shion,Shions
ship,ships
Shiphrah,Shiphrahs
shirt,shirts
Shisha,Shishas
Shittim,Shittims
Shobab,Shobabs
Shobai,Shobais
Shobak,Shobaks
Shobal,Shobals
Shobek,Shobeks
Shobi,Shobis
shoe,shoes
shore,shores
shoulder,shoulders
Shua,Shuas
Shuah,Shuahs
Shual,Shuals
Shunem,Shunems
Shuni,Shunis
Shur,Shurs
Sia,Sias
Sibbekai,Sibbekais
Sibboleth,Sibboleths
Sibmah,Sibmahs
sickle,sickles
Siddim,Siddims
side,sides
Sidon,Sidons
Sidonian,Sidonians
sign,signs
Sihon,Sihons
Silas,Silases
Siloam,Siloams
silver,silver
Simeon,Simeons
Simon,Simons
sin,sins
Sin,Sins
Sinai,Sinais
Sinite,Sinites
sinner,sinners
Siphmoth,Siphmoths
Sirah,Sirahs
Sisera,Siseras
sister,sisters
Sithri,Sithris
Sitnah,Sitnahs
Sivan,Sivans
size,sizes
skill,skills
skin,skins
skull,skulls
sky,skies
slave,slaves
sling,slings
smoke,smoke
snake,snakes
snow,snow
soap,soap
Socoh,Socohs
Sodom,Sodoms
soil,soil
Sokoh,Sokohs
soldier,soldiers
Solomon,Solomons
son,sons
Son,Sons
son-in-law,sons-in-law
song,songs
Son of David,Sons of David
Son of God,Sons of God
Son of Man,Sons of Man
Sophereth,Sophereths
sorcerer,sorcerers
sore,sores
Sorek,Soreks
Sotai,Sotais
soul,souls
sound,sounds
south,south
space,spaces
spear,spears
spice,spices
spirit,spirits
Spirit,Spirits
sponge,sponges
spouse,spouses
spring,springs
spy,spies
square,squares
stable,stables
staff,staffs
stair,stairs
stalk,stalks
star,stars
statue,statues
step,steps
stick,sticks
stomach,stomachs
stone,stones
Stone of Bohan,Stones of Bohan
Stone of Zoheleth,Stones of Zoheleth
store,stores
storeroom,storerooms
storm,storms
story,stories
strap,straps
straw,straw
stream,streams
Stream of Egypt,Streams of Egypt
street,streets
strength,strength
string,strings
string bow,strings
stripe,stripes
structure,structures
student,students
substance,substances
Succoth,Succoths
Sukkoth,Sukkoths
sulfur,sulfur
summer,summers
sun,suns
Sunday,Sundaies
sunrise,sunrises
Susa,Susas
Susanna,Susannas
swarm,swarms
sword,swords
synagogue,synagogues
Syntyche,Syntyches
Syria,Syrias
Taanach,Taanaches
Taanath Shiloh,Taanaths Shiloh
Tabbaoth,Tabbaoths
Tabbath,Tabbaths
tabernacle,tabernacles
table,tables
tablet,tablets
Tabor,Tabors
Tahash,Tahashes
Tahtim Hodshi,Tahtims Hodshi
tail,tails
talent,talents
Talmai,Talmais
Talmon,Talmons
Tamar,Tamars
tambourine,tambourines
Taphath,Taphaths
Tappuah,Tappuahs
tar,tars
Taralah,Taralahs
Tarshish,Tarshishes
tax,taxes
teacher,teachers
tear,tears
teaspoon,teaspoons
Tebah,Tebahs
Tebeth,Tebeths
Tekel,Tekel
Tekoa,Tekoas
Telaim,Telaims
Telem,Telems
Tel Harsha,Tels Harsha
Tel Melah,Tels Melah
Tema,Temas
Temah,Temahs
Teman,Temans
Temanite,Temanites
temple,temples
tendon,tendons
tent,tents
Terah,Terahs
Teresh,Tereshes
Terpen,Terpens
Teshi,Teshis
test,tests
Thaddaeus,Thaddaeuses
Thebes,Thebeses
Thebez,Thebezs
Theophilus,Theophiluses
there,theres
Thessalonica,Thessalonicas
The Summer Institute of Linguistics,Thes Summer Institute of Linguistics
thief,thieves
thigh,thighs
thing,things
Thomas,Thomases
thorn,thorns
thought,thoughts
thread,threads
throne,thrones
thumb,thumbs
Thummim,Thummims
thunder,thunder
Tiberias,Tiberiases
Tidal,Tidals
Tigris,Tigrises
Timaeus,Timaeuses
time,times
Timna,Timnas
Timnah,Timnahs
Timnath-Heres,Timnath-Hereses
Timnath Serah,Timnaths Serah
Timothy,Timothies
tip,tips
Tiphsah,Tiphsahs
Tiras,Tirases
Tirzah,Tirzahs
Titus,Tituses
Tob,Tobs
Tobiah,Tobiahs
today,today
toe,toes
Togarmah,Togarmahs
Tohu,Tohus
Tola,Tolas
tomb,tombs
tomorrow,tomorrows
ton,tons
tongue,tongues
tool,tools
tooth,teeth
top,tops
topaz,topaz
torch,torches
Tou,Tous
towel,towels
Tower of Hananel,Towers
Tower of the Hundred,Towers
Tower of the Ovens,Towers
tower,towers
town,towns
Traconitis,Traconitises
trap,traps
treasure,treasures
treasurer,treasurers
treasury,treasuries
treaty,treaties
tree Acacia,trees
tree almond,trees
tree Cedar,trees
tree mustard,trees
tree Myrtle,trees
tree oak,trees
tree Olive,trees
tree,trees
tree Cypress,trees
tree fig,trees
tree palm,trees
tree pomegranate,trees
tree poplar,trees
tree sycamore,trees
tree tamarisk,trees
trench,trenches
tribe,tribes
trouble,trouble
trough,troughs
trumpet,trumpets
truth,truth
Tubal,Tubals
Tubal-Cain,Tubal-Cains
tumor,tumors
tunnel,tunnels
Turkey,Turkeies
twin,twins
Tychicus,Tychicuses
Tyre,Tyres
Ulai,Ulais
Ummah,Ummahs
uncle,uncles
Unni,Unnis
Uphaz,Uphazs
Upper Beth Horon,Uppers Beth Horon
Ur,Urs
Uri,Uris
Uriah,Uriahs
Urim,Urims
Uz,Uzs
Uzai,Uzais
Uzal,Uzals
Uzza,Uzzas
Uzzah,Uzzahs
Uzzi,Uzzis
Uzziah,Uzziahs
Uzziel,Uzziels
vaccine,vaccines
Vaizatha,Vaizathas
valley,valleys
valley Dead Sea,valleys
valley Hebron,valleys
valley King`s,valleys
valley Shaveh,valleys
valley Siddim,valleys
Valley of Achor,Valleies
Valley of Aijalon,Valleies
Valley of Ben Hinnom,Valleies
Valley of Besor,Valleies
Valley of Elah,Valleies
Valley of Gerar,Valleies
Valley of Giants,Valleies
Valley of Hinnom,Valleies
Valley of Iphtah El,Valleies
Valley of Jezreel,Valleies
Valley of Kanah,Valleies
Valley of Kidron,Valleies
Valley of Mizpah,Valleies
Valley of Rephaim,Valleies
Valley of Zeboyim,Valleies
Vashti,Vashtis
vault,vaults
vegetable,vegetables
vehicle,vehicles
veil,veils
verse,verses
veterinarian,veterinarians
village,villages
vine,vines
vinegar,vinegar
vineyard,vineyards
viper,vipers
virgin,virgins
vision,visions
voice,voices
vulture,vultures
Wadi of Egypt,Wadis of Egypt
wagon,wagons
waist,waists
Wall Broad,Walls
Wall of Ophel,Walls
wall,walls
war,wars
water,water
Waters of Merom,Waterses
Waters of Nephtoah,Waterses
wave,waves
wealth,wealth
weapon,weapons
weather,weather
wedding,weddings
weed,weeds
week,weeks
Well Jackal,Wells
well,wells
west,west
wheat,wheat
wheel,wheels
whip,whips
whirlwind,whirlwinds
widow,widows
width,widths
wife,wives
wilderness,wildernesses
wind,winds
window,windows
wine,wine
wineskin,wineskins
wing,wings
winter,winters
wire,wires
wisdom,wisdom
witchcraft,witchcraft
wolf,wolves
woman,women
womb,wombs
wood,wood
wood acacia,wood
wood almug,wood
wood cedar,wood
wood juniper,wood
wool,wool
word,words
word of life,words of life
work,work
worker,workers
world,worlds
World Vision,Worlds Vision
worm,worms
wound,wounds
Xerxes,Xerxeses
Yahweh,Yahwehs
Yahweh Almighty,Yahwehs Almighty
yard,yards
Yatima,Yatimas
year,years
yeast,yeast
yoke,yokes
Zaanannim,Zaanannims
Zaavan,Zaavans
Zabbai,Zabbais
Zabdi,Zabdis
Zabdiel,Zabdiels
Zabud,Zabuds
Zacchaeus,Zacchaeuses
Zadok,Zadoks
Zakkai,Zakkais
Zakkur,Zakkurs
Zalaph,Zalaphs
Zalmon,Zalmons
Zalmunna,Zalmunnas
Zanoah,Zanoahs
Zaphenath-Panea,Zaphenath-Paneas
Zaphon,Zaphons
Zarephath,Zarephaths
Zarethan,Zarethans
Zattu,Zattus
Zealot,Zealots
Zebah,Zebahs
Zebedee,Zebedees
Zeboiim,Zeboiims
Zeboim,Zeboims
Zebul,Zebuls
Zebulun,Zebuluns
Zechariah,Zechariahs
Zedekiah,Zedekiahs
Zeeb,Zeebs
Zela,Zelas
Zelah,Zelahs
Zelek,Zeleks
Zelophehad,Zelophehads
Zelzah,Zelzahs
Zemaraim,Zemaraims
Zemarite,Zemarites
Zenan,Zenans
Zenas,Zenases
Zephath,Zephaths
Zepho,Zephos
Zephon,Zephons
Zer,Zers
Zerah,Zerahs
Zerephath,Zerephaths
Zererah,Zererahs
Zeresh,Zereshes
Zereth Shahar,Zereths Shahar
Zeror,Zerors
Zerubbabel,Zerubbabels
Zeruiah,Zeruiahs
Zethar,Zethars
Ziba,Zibas
Zibeon,Zibeons
Ziddim,Ziddims
Ziha,Zihas
Ziklag,Ziklags
Zikri,Zikris
Zillah,Zillahs
Zilpah,Zilpahs
Zimran,Zimrans
Zimri,Zimris
Zin,Zins
Zion,Zions
Zior,Ziors
Ziph,Ziphs
Zippor,Zippors
Zipporah,Zipporahs
Ziv,Zivs
Zoar,Zoars
Zobah,Zobahs
Zohar,Zohars
Zorah,Zorahs
Zuph,Zuphs
Zur,Zurs
Zuzite,Zuzites
1 Samuel,1 Samuel
1 Thessalonians,1 Thessalonians
2 pm,2s pm
2 Samuel,2s Samuel
2 Thessalonians,2 Thessalonians
3 pm,3s pm
4 pm,4s pm
5 pm,5s pm
9 am,9 am
